{
  "best_c": 10,
  "val_macro_f1": 0.5982365925638135,
  "test_accuracy": 0.5964698721850273,
  "test_macro_f1": 0.5955314980531594,
  "report": {
    "ENFJ": {
      "precision": 0.4931506849315068,
      "recall": 0.631578947368421,
      "f1-score": 0.5538461538461539,
      "support": 57.0
    },
    "ENFP": {
      "precision": 0.44954128440366975,
      "recall": 0.48514851485148514,
      "f1-score": 0.4666666666666667,
      "support": 101.0
    },
    "ENTJ": {
      "precision": 0.5675675675675675,
      "recall": 0.6086956521739131,
      "f1-score": 0.5874125874125874,
      "support": 69.0
    },
    "ENTP": {
      "precision": 0.5327868852459017,
      "recall": 0.6310679611650486,
      "f1-score": 0.5777777777777777,
      "support": 103.0
    },
    "ESFJ": {
      "precision": 0.5789473684210527,
      "recall": 0.7096774193548387,
      "f1-score": 0.6376811594202898,
      "support": 31.0
    },
    "ESFP": {
      "precision": 0.5254237288135594,
      "recall": 0.8611111111111112,
      "f1-score": 0.6526315789473685,
      "support": 36.0
    },
    "ESTJ": {
      "precision": 0.4864864864864865,
      "recall": 0.6206896551724138,
      "f1-score": 0.5454545454545454,
      "support": 29.0
    },
    "ESTP": {
      "precision": 0.7088607594936709,
      "recall": 0.835820895522388,
      "f1-score": 0.7671232876712328,
      "support": 67.0
    },
    "INFJ": {
      "precision": 0.6067415730337079,
      "recall": 0.48868778280542985,
      "f1-score": 0.5413533834586466,
      "support": 221.0
    },
    "INFP": {
      "precision": 0.7336448598130841,
      "recall": 0.5709090909090909,
      "f1-score": 0.6421267893660532,
      "support": 275.0
    },
    "INTJ": {
      "precision": 0.625,
      "recall": 0.5487804878048781,
      "f1-score": 0.5844155844155844,
      "support": 164.0
    },
    "INTP": {
      "precision": 0.62,
      "recall": 0.6326530612244898,
      "f1-score": 0.6262626262626263,
      "support": 196.0
    },
    "ISFJ": {
      "precision": 0.4918032786885246,
      "recall": 0.6,
      "f1-score": 0.5405405405405406,
      "support": 50.0
    },
    "ISFP": {
      "precision": 0.4878048780487805,
      "recall": 0.49382716049382713,
      "f1-score": 0.49079754601226994,
      "support": 81.0
    },
    "ISTJ": {
      "precision": 0.5882352941176471,
      "recall": 0.6451612903225806,
      "f1-score": 0.6153846153846154,
      "support": 62.0
    },
    "ISTP": {
      "precision": 0.6857142857142857,
      "recall": 0.7128712871287128,
      "f1-score": 0.6990291262135923,
      "support": 101.0
    },
    "accuracy": 0.5964698721850273,
    "macro avg": {
      "precision": 0.5738568084237153,
      "recall": 0.6297925198380393,
      "f1-score": 0.5955314980531594,
      "support": 1643.0
    },
    "weighted avg": {
      "precision": 0.6060311539858451,
      "recall": 0.5964698721850273,
      "f1-score": 0.5962120816728718,
      "support": 1643.0
    }
  },
  "confusion_matrix": [
    [
      36,
      1,
      3,
      0,
      2,
      0,
      0,
      0,
      5,
      2,
      1,
      1,
      1,
      0,
      2,
      3
    ],
    [
      8,
      49,
      1,
      9,
      1,
      0,
      1,
      1,
      6,
      9,
      4,
      4,
      1,
      3,
      0,
      4
    ],
    [
      3,
      1,
      42,
      4,
      1,
      4,
      3,
      2,
      4,
      0,
      2,
      2,
      0,
      1,
      0,
      0
    ],
    [
      0,
      4,
      3,
      65,
      0,
      5,
      1,
      1,
      6,
      1,
      5,
      10,
      0,
      0,
      1,
      1
    ],
    [
      0,
      0,
      0,
      0,
      22,
      0,
      0,
      2,
      0,
      0,
      0,
      2,
      1,
      4,
      0,
      0
    ],
    [
      0,
      0,
      0,
      0,
      1,
      31,
      0,
      1,
      0,
      0,
      0,
      1,
      0,
      0,
      1,
      1
    ],
    [
      0,
      0,
      1,
      1,
      0,
      0,
      18,
      1,
      0,
      0,
      1,
      3,
      0,
      2,
      0,
      2
    ],
    [
      0,
      0,
      1,
      2,
      0,
      1,
      0,
      56,
      0,
      1,
      1,
      2,
      2,
      0,
      0,
      1
    ],
    [
      13,
      15,
      3,
      9,
      1,
      3,
      2,
      1,
      108,
      22,
      9,
      11,
      5,
      11,
      5,
      3
    ],
    [
      5,
      26,
      2,
      9,
      0,
      2,
      1,
      1,
      30,
      157,
      7,
      9,
      6,
      11,
      4,
      5
    ],
    [
      1,
      2,
      8,
      8,
      1,
      3,
      1,
      1,
      8,
      4,
      90,
      24,
      2,
      2,
      6,
      3
    ],
    [
      2,
      3,
      5,
      12,
      2,
      1,
      1,
      3,
      4,
      9,
      20,
      124,
      0,
      1,
      4,
      5
    ],
    [
      0,
      2,
      1,
      1,
      1,
      2,
      5,
      0,
      3,
      1,
      0,
      1,
      30,
      2,
      0,
      1
    ],
    [
      0,
      4,
      0,
      2,
      3,
      5,
      1,
      2,
      2,
      7,
      0,
      3,
      10,
      40,
      0,
      2
    ],
    [
      2,
      2,
      1,
      0,
      2,
      1,
      2,
      2,
      2,
      0,
      4,
      0,
      2,
      0,
      40,
      2
    ],
    [
      3,
      0,
      3,
      0,
      1,
      1,
      1,
      5,
      0,
      1,
      0,
      3,
      1,
      5,
      5,
      72
    ]
  ],
  "model_path": "binary_model\\primary_mbti_clf.joblib"
}